id,created_at,text
650226320752820228,2015-10-03 08:30:10,La foi n’est pas un don privé. La foi est à partager avec joie.
649494034575060993,2015-10-01 08:00:19,Notre vie n’est pas un vagabondage qui n’a pas de sens. Nous avons un but sûr : la maison du Père.
648407758019108864,2015-09-28 08:03:51,Je vous remercie de tout coeur. Que l'amour du Christ conduise toujours le peuple américain !
646380958988406784,2015-09-22 17:50:04,Merci à tous les Cubains ! Merci de tout cœur !
644843382502658048,2015-09-18 12:00:17,Je vous invite à prier avec moi pour mon voyage à Cuba et aux États-Unis. J’ai besoin de vos prières.
644439930379239424,2015-09-17 09:17:07,"Malgré les injustices et les souffrances, la victoire du Seigneur est certaine."
643336909129814017,2015-09-14 08:14:06,"Dieu a une prédilection pour les humbles. Quand nous vivons avec humilité, il transforme nos petits efforts et fait de grandes choses."
642619925467496450,2015-09-12 08:45:04,"Chaque fois que nous faisons le signe de la croix, nous nous approchons du grand mystère de la Trinité"
641883830115176448,2015-09-10 08:00:05,Est-ce que nous disons ‘merci’ à Dieu chaque jour ?
641151540049240064,2015-09-08 07:30:13,Que toute paroisse et toute communauté religieuse en Europe accueille une famille de réfugiés. #Jubilé #refugeeswelcome
640813514844540928,2015-09-07 09:07:02,"Demandons à la Vierge Marie d’aider toutes les familles, spécialement celles qui souffrent à cause du manque de travail."
639739685372235777,2015-09-04 10:00:01,"La guerre est mère de toutes les pauvretés, une grande prédatrice de vies et d’âmes"
638622590576168960,2015-09-01 08:01:05,Aujourd'hui est la Journée mondiale de prière pour la sauvegarde de la Création. Prions et agissons.
637184115666628610,2015-08-28 08:45:06,"Seigneur, aide-nous à être plus généreux et toujours plus proche des familles pauvres"
636091901867749376,2015-08-25 08:25:02,Un chrétien trop attaché à l’argent s’est trompé de route
634636067547672576,2015-08-21 08:00:04,"Une lecture quotidienne de l’Évangile nous aide à vaincre notre égoïsme et à suivre résolument le Maître, Jésus"
633567779946299392,2015-08-18 09:15:04,"Quand nous faisons l’expérience de l’amour miséricordieux du Père, nous sommes davantage capables de partager cette joie avec les autres"
632461728484163585,2015-08-15 08:00:01,La vie de Marie montre que Dieu accomplit de grandes choses par l’intermédiaire des plus humbles
631744507596304384,2015-08-13 08:30:02,Marie est pleine de grâce. Elle nous offre un refuge sûr au moment de la tentation
631027291481468929,2015-08-11 09:00:04,La rencontre avec le Christ est capable de transformer complètement notre vie
629927051588276224,2015-08-08 08:08:07,Nous sommes tous pécheurs. Laissons-nous transformer par la miséricorde de Dieu
629215347179065344,2015-08-06 09:00:03,Dans une famille chrétienne nous apprenons de nombreuses vertus ; surtout à aimer sans rien demander en échange
628485528686477312,2015-08-04 08:40:01,"Laissons l’amour de Dieu s’enraciner en nous, nous serons ainsi capables de nous donner nous-mêmes aux autres"
627403449580154882,2015-08-01 09:00:13,"L’hospitalité en famille est une vertu aujourd’hui cruciale, spécialement dans les situations de grande pauvreté."
626671101838426112,2015-07-30 08:30:08,Le témoignage le plus efficace sur le mariage est la vie exemplaire des époux chrétiens.
625965195869814784,2015-07-28 09:45:07,"Chers jeunes, n’ayez pas peur du mariage : le Christ accompagne de sa grâce les époux qui restent unis à lui."
624872978010902529,2015-07-25 09:25:02,Le témoignage chrétien est concret. Les paroles sans l’exemple sont vides.
624132598453809152,2015-07-23 08:23:01,"Celui qui aide les malades et ceux qui sont dans le besoin touche la chair du Christ, vivant et présent au milieu de nous."
623422421387755520,2015-07-21 09:21:02,L’Église est appelée à se faire toujours plus attentionnée et prévenante envers les plus faibles.
621971865766985728,2015-07-17 09:17:03,"Quand tout s’écroule, seule cette espérance soutient : Dieu nous aime, il aime tout le monde !"
621231484599296000,2015-07-15 08:15:02,C’est le moment de changer de mentalité et de cesser de penser que nos actions n’ont pas d’impact sur celui qui souffre de la faim.
617264102470057984,2015-07-04 09:30:04,"Ce qui nous donne la vraie liberté et le vrai bonheur, c’est l’amour compatissant du Christ."
616521716966125568,2015-07-02 08:20:06,Un grand défi : cesser d’abîmer le jardin que Dieu nous a confié pour que tous puissent en jouir.
615799471062945793,2015-06-30 08:30:09,Comme il est beau d’annoncer à tous l’amour de Dieu qui nous sauve et donne sens à notre vie !
614726618330693632,2015-06-27 09:27:01,"L’Église est une mère au cœur ouvert, prête à aider chacun, spécialement celui qui peine le plus."
614001364356632577,2015-06-25 09:25:07,"Dans la Confession, Jésus nous accueille avec tous nos péchés, pour nous donner un cœur nouveau, capable d’aimer comme Lui aime."
613266499881447428,2015-06-23 08:45:02,L’amour de Dieu est gratuit. Il ne nous demande rien en échange ; il demande seulement de l’accueillir.
609623497338269696,2015-06-13 07:29:02,"Aujourd’hui, l’Église est l’Église des martyrs : tant de témoins héroïques. Apprenons de leur courage."
608909298979098624,2015-06-11 08:11:04,"Là où il n’y a pas de travail, il n’y a pas de dignité."
608199122034696192,2015-06-09 09:09:05,"Dans le sacrement de l’Eucharistie, nous trouvons Dieu qui se donne lui-même."
606392473368170496,2015-06-04 09:30:06,"Il faut construire la société à la lumière des Béatitudes, marcher vers le Royaume en compagnie des derniers."
605650076577316864,2015-06-02 08:20:05,La lumière de l’Évangile est un guide pour quiconque se met au service de la civilisation de l’amour.
604576743362461696,2015-05-30 09:15:02,"Seigneur, donne-nous la grâce de l’émerveillement de la rencontre avec Toi !"
603844421361106945,2015-05-28 08:45:03,"Le chrétien est témoin non d’une théorie, mais d’une Personne : le Christ ressuscité, vivant et unique Sauveur de tous."
603115891681689600,2015-05-26 08:30:08,Mettons en pratique le quatrième commandement en rendant visite avec affection à nos parents âgés.
602062690303889409,2015-05-23 10:45:05,Invoquons l’Esprit Saint chaque jour : qu’Il nous guide sur la route des disciples du Christ.
601704125118550018,2015-05-22 11:00:17,"Seigneur, envoie l’Esprit Saint pour donner consolation et force aux chrétiens persécutés.
#free2pray"
601322826927214592,2015-05-21 09:45:08,Il y a des silences de Dieu qui ne peuvent se comprendre qu’en regardant le Crucifié.
600591483729674240,2015-05-19 09:19:02,"Dieu nous attend toujours, nous comprend toujours, nous pardonne toujours."
599495775903567873,2015-05-16 08:45:05,Mieux vaut une Église blessée mais présente sur le chemin qu’une Église malade parce que fermée sur elle-même
598778304548638722,2015-05-14 09:14:07,"Chers parents, il faut avoir beaucoup de patience, et pardonner du fond du cœur."
598037918154817536,2015-05-12 08:12:05,Pourquoi nous est-il si difficile de supporter les défauts des autres ? Oublions nous que Jésus a supporté tous nos péchés ?
596980192674910208,2015-05-09 10:09:03,"Apprenons à vivre la bienveillance, à aimer tout le monde, aussi ceux qui ne nous aiment pas."
596239810584383488,2015-05-07 09:07:03,"Quand on ne peut gagner son pain, on perd sa dignité. C’est un drame aujourd’hui, spécialement pour les jeunes."
595516237477715968,2015-05-05 09:11:49,"Cela nous fait du bien de rester un moment devant le Tabernacle, pour sentir le regard de Jésus sur nous."
594437437876604928,2015-05-02 09:45:03,L’amour du Christ nous remplit le cœur et nous rend capable de pardonner toujours.
593724010325614595,2015-04-30 10:30:09,"Au milieu de beaucoup de problèmes, même graves, ne perdons pas l’espérance en l’infinie miséricorde de Dieu."
592968509371461632,2015-04-28 08:28:04,"Chaque communauté chrétienne doit être une maison accueillante pour qui cherche Dieu, comme aussi pour qui cherche un frère qui l’écoute."
591880582532993025,2015-04-25 08:25:02,Nous chrétiens nous sommes appelés à sortir de nos « enceintes » pour porter à tous la miséricorde et la tendresse de Dieu.
591170406947557378,2015-04-23 09:23:03,"Dans les Sacrements, nous trouvons la force de penser et d’agir selon l’Évangile."
590439957166075906,2015-04-21 09:00:30,"Il faut garder la terre afin qu’elle puisse continuer d’être, comme Dieu la veut, source de vie pour la famille humaine tout entière."
589005443130724352,2015-04-17 10:00:15,"Marie, Mère des Douleurs, aide-nous à comprendre la volonté de Dieu dans les moments de grande souffrance."
587906668739989504,2015-04-14 09:14:07,Le Seigneur ne se lasse jamais de nous pardonner. C’est nous qui nous lassons de demander pardon.
586441031484182528,2015-04-10 08:10:12,Nous pouvons porter l’Évangile aux autres s’il imprègne profondément notre vie.
586093459276079104,2015-04-09 09:09:04,"Seigneur, donne-nous la grâce des larmes, pour pleurer nos péchés et recevoir ton pardon."
585006795854188544,2015-04-06 09:11:03,"Seigneur, aide-nous à vivre la vertu de la magnanimité, pour aimer sans limites."
584629103979991041,2015-04-05 08:10:14,Christ est ressuscité ! Christ est vivant et marche avec nous !
583932013624733696,2015-04-03 10:00:15,La Croix du Christ n’est pas une défaite : la Croix est amour et miséricorde.
583569583912521728,2015-04-02 10:00:05,Jésus lave les pieds de ses apôtres. Sommes-nous disposés à servir les autres ainsi ?
582844835226238976,2015-03-31 10:00:12,"La Confession est le sacrement de la tendresse de Dieu, sa manière de nous embrasser."
582440880058978304,2015-03-30 07:15:01,La Semaine Sainte est le temps qui nous invite le plus à rester près de Jésus : l’amitié se voit dans l’épreuve.
581772773581684737,2015-03-28 11:00:12,"En tant que disciples du Christ, nous ne pouvons pas ne pas nous intéresser au bien des plus faibles."
581386995219349504,2015-03-27 09:27:15,"La vie est un trésor précieux, mais nous le découvrons seulement si nous la donnons aux autres."
581032933701464064,2015-03-26 10:00:21,Les fidèles laïcs sont appelés à devenir ferment de vie chrétienne dans toute la société.
580311881287483392,2015-03-24 10:15:08,La souffrance est un appel à la conversion : elle nous rappelle que nous sommes fragiles et vulnérables.
579961010997473280,2015-03-23 11:00:54,"Que chaque Église, que chaque communauté chrétienne soit un lieu de miséricorde au milieu de tant d’indifférence !"
577786526261637120,2015-03-17 11:00:17,Laissons Dieu nous remplir de sa bonté et de sa miséricorde.
576661555258888192,2015-03-14 08:30:03,"Le Carême est un temps pour nous approcher du Christ, par la Parole de Dieu et par les Sacrements."
575967003875282944,2015-03-12 10:30:09,"Attention à notre confort ! Quand  nous nous sentons bien à l’aise, nous oublions facilement les autres."
575219657713434625,2015-03-10 09:00:28,"Dans les moments plus difficiles, rappelez-vous : Dieu est notre Père ; Dieu n’abandonne pas ses enfants."
574887447588311040,2015-03-09 11:00:23,L’humilité sauve l’homme : l’orgueil lui fait perdre sa route.
574147573864247296,2015-03-07 10:00:23,"Construisons notre vie de foi sur le roc, qui est le Christ."
573400099151204353,2015-03-05 08:30:11,"Si nous sommes trop attachés à la richesse, nous ne sommes pas libres. Nous sommes esclaves."
572682904695775233,2015-03-03 09:00:19,"Le cœur s’endurcit quand il n’aime pas. Seigneur, donne-nous un cœur qui sache aimer !"
571625911021256708,2015-02-28 11:00:12,"Jésus intercède pour nous, chaque jour. Prions : Seigneur, aie pitié de moi, intercède pour moi !"
569081652376309763,2015-02-21 10:30:13,Il n’y a pas de péché que Dieu ne puisse pardonner. Il suffit que nous demandions pardon.
568726776387497985,2015-02-20 11:00:04,Les Sacrements sont la manifestation de la tendresse et de l’amour du Père envers chacun de nous.
568354061809876993,2015-02-19 10:19:02,"Là où il y a des hommes et des femmes qui ont consacré leur vie à Dieu, il y a de la joie."
568002020809969665,2015-02-18 11:00:09,"Seigneur, donne-nous la grâce de nous sentir pécheurs."
567609463517028352,2015-02-17 09:00:16,"Durant le Carême, trouvons des moyens concrets de vaincre notre indifférence."
567250802016649217,2015-02-16 09:15:04,Jésus est venu porter la joie à tous et pour toujours.
564349968966623233,2015-02-08 09:08:12,Jésus n’est pas un personnage du passé : Il continue toujours d’éclairer le chemin de l’homme.
563609587350134784,2015-02-06 08:06:11,Avoir la foi ce n’est pas ne pas avoir des moments difficiles mais avoir la force de les affronter en sachant que nous ne sommes pas seuls
562551885702258688,2015-02-03 10:03:15,Nous sommes tous pécheurs. Nous sommes tous appelés à une conversion du cœur.
561456418042032128,2015-01-31 09:30:16,Il y a un besoin urgent d’un témoignage crédible de la vérité et des valeurs de l’Évangile.
560731635021119488,2015-01-29 09:30:14,L’amour véritable ne fait pas attention au mal reçu. Il se réjouit dans le bien qu’il fait.
560029525166133248,2015-01-27 11:00:18,"Auschwitz crie la douleur d’une souffrance effroyable et réclame un avenir de respect, de paix et de rencontre entre les peuples"
558918131272273920,2015-01-24 09:24:01,Mettre en pratique la charité est la meilleure manière d’évangéliser.
557076290302246912,2015-01-19 07:25:12,"À mes amis du Sri Lanka et des Philippines : que Dieu vous bénisse tous. S’il vous plaît, priez pour moi."
556767993321910273,2015-01-18 11:00:08,Que de fois nous oublions de nous concentrer sur ce qui compte vraiment ! Nous oublions d’être enfants de Dieu.
556669850118938624,2015-01-18 04:30:09,"En tant que chrétiens, membres de la famille de Dieu, nous sommes appelés à aller vers ceux qui sont dans le besoin et à les servir."
556405611609346048,2015-01-17 11:00:09,"La com-passion de Dieu, le fait qu’il souffre avec nous, donne sens et valeur à nos efforts et à nos souffrances."
556058406457323520,2015-01-16 12:00:29,La famille est le plus grand trésor d’un pays. Travaillons tous pour protéger et renforcer cette pierre d’angle de la société !
555997938644570113,2015-01-16 08:00:13,Les Philippines sont un témoignage de la jeunesse et de la vitalité de l’Église.
555635587785297920,2015-01-15 08:00:21,Que Dieu bénisse et protège le Sri Lanka
555273167447396352,2015-01-14 08:00:14,"Saint Joseph Vaz, enseigne-nous à grandir en sainteté et à vivre le message de miséricorde de l’Évangile !"
554593706527842305,2015-01-12 11:00:18,"En ce jour où je commence mon voyage au Sri Lanka et aux Philippines, je vous demande de prier pour moi et pour les peuples de ces pays."
553838739646971904,2015-01-10 09:00:20,Le dimanche est le jour du Seigneur : trouvons le temps de rester avec Lui.
553110157723316226,2015-01-08 08:45:12,#PrayersForParis
552381563283861504,2015-01-06 08:30:02,Jésus est venu pour nous sauver : ne refusons pas ce don merveilleux !
552056935638265856,2015-01-05 11:00:04,"Seigneur, fais que nous sachions te reconnaître dans les malades, dans ceux qui sont dans le besoin et dans ceux qui souffrent."
551332177502150658,2015-01-03 11:00:09,Le christianisme se répand grâce à la joie des disciples qui se savent aimés et sauvés.
550569645325828097,2015-01-01 08:30:07,"Tant de personnes innocentes et tant d’enfants souffrent dans le monde ! Seigneur, donne-nous ta paix !"
550245010579288065,2014-12-31 11:00:08,"Seigneur, merci !"
549882692234276865,2014-12-30 11:00:24,"Aujourd’hui, on souffre de pauvreté, mais aussi de manque d’amour."
549146493341294595,2014-12-28 10:15:01,La famille chrétienne est missionnaire : elle annonce au monde l’amour de Dieu.
548425544685981696,2014-12-26 10:30:13,"Aujourd’hui, prions pour tous ceux qui sont persécutés à cause de la foi chrétienne"
548063111039557634,2014-12-25 10:30:02,"Avec Jésus, c’est la vraie joie."
547708300305764355,2014-12-24 11:00:09,Cherchons à écouter et à faire silence pour laisser de la place à la beauté de Dieu.
547345923253084161,2014-12-23 11:00:11,"Parfois, nous sommes esclaves du péché. Seigneur, viens nous libérer !"
546228588131782656,2014-12-20 09:00:18,"Pour que Jésus devienne le centre de notre vie, il est nécessaire de rester en sa présence, devant le Tabernacle."
545523410567049216,2014-12-18 10:18:11,Le Seigneur l’a clairement  dit: vous ne pouvez servir deux maîtres. Ou Dieu ou les richesses.
544782789594189825,2014-12-16 09:15:13,Comme il est important de savoir écouter ! Le dialogue entre conjoints est essentiel pour qu’une famille puisse être sereine.
543684304841105408,2014-12-13 08:30:14,"Aujourd’hui, c’est l’anniversaire de mon ordination sacerdotale. Je vous demande de prier pour moi et pour tous les prêtres."
543329483353112576,2014-12-12 09:00:18,"Notre Dame de Guadalupe, prie pour nous !"
542982192066859008,2014-12-11 10:00:17,La question écologique est vitale pour la survie de l’homme et a une dimension morale qui nous touche tous.
542259667716415488,2014-12-09 10:09:14,La famille est la communauté d’amour dans laquelle chaque personne apprend à se mettre en relation avec les autres et avec le monde.
541879912190074880,2014-12-08 09:00:13,Apprenons de la Vierge Marie à être plus courageux pour suivre la Parole de Dieu.
541260872690061312,2014-12-06 16:00:22,"Mon vidéo message pour le Chrétiens d’Irak

http://t.co/1TrDmylS2M"
541141544963538944,2014-12-06 08:06:12,"L’Avent nous fait commencer un nouveau chemin. Laissons-nous guider par Marie, notre Mère."
540470634384330754,2014-12-04 11:40:15,"Le temps de l’Avent nous apporte l’espérance, une espérance qui ne déçoit pas. Le Seigneur ne déçoit jamais."
539742821012742144,2014-12-02 11:28:11,Plus jamais d'esclaves. Nous sommes tous frères et soeurs. #EndSlavery
539705575106293760,2014-12-02 09:00:11,"L’Église est appelée à se faire proche de chaque personne, en commençant par les plus pauvres et par celles qui souffrent."
537885325507305472,2014-11-27 08:27:09,L’amour est la mesure de la foi.
536057027298988032,2014-11-22 07:22:09,"Quand nous rencontrons une personne qui est vraiment dans le besoin, reconnaissons-nous en elle le visage de Dieu ?"
535361942072750080,2014-11-20 09:20:08,Cherchons à vivre de manière toujours digne de notre vocation chrétienne.
534651742202257408,2014-11-18 10:18:03,Que de bruit dans le monde ! Apprenons à reste en silence devant nous-mêmes et devant Dieu.
533541225492512770,2014-11-15 08:45:15,"Un chrétien porte la paix aux autres. Et non seulement la paix, mais aussi l’amour, la bonté, la fidélité et la joie."
532823457474437122,2014-11-13 09:13:06,"La guerre détruit, tue, appauvrit. Seigneur, donne-nous ta paix !"
532110508782911489,2014-11-11 10:00:06,"Comme le travail est important : pour la dignité humaine, pour former une famille, pour la paix !"
531461266682814464,2014-11-09 15:00:14,"Je demande à toutes les personnes de bonne volonté de contribuer à créer une culture de la rencontre, de la solidarité, de la paix. #fotw25"
531025355935473664,2014-11-08 10:08:05,"L’Église est toujours en chemin, à la recherche de nouvelles voies pour l’annonce de l’Évangile."
530285000860524544,2014-11-06 09:06:11,L’indifférence envers ceux qui sont dans le besoin n’est pas  acceptable pour une personne qui se dit chrétienne.
529558874659901441,2014-11-04 09:00:49,L’humilité nous aide à prendre en charge le fardeau des autres.
528486680387276800,2014-11-01 10:00:18,Que de bien nous pouvons faire par le bon exemple et que de mal par l’hypocrisie.
527746929875103744,2014-10-30 09:00:47,"La mission principale de l’Église c’est d’évangéliser, de porter la Bonne Nouvelle à tous."
527019510935482368,2014-10-28 08:50:17,Aidons les personnes à découvrir la joie du message chrétien : un message d’amour et de miséricorde.
525910947026571264,2014-10-25 07:25:15,La Croix de Jésus montre toute la force du mal mais aussi toute la puissance de la miséricorde de Dieu.
525187397042962432,2014-10-23 07:30:07,La famille est le lieu où nous nous formons en tant que personne. Chaque famille est une brique qui construit la société.
524485322826993664,2014-10-21 09:00:20,"La foi, pour être saine et robuste, doit être constamment nourrie de la Parole de Dieu."
523432063790100480,2014-10-18 11:15:03,"Pour changer le monde, il faut faire du bien à celui qui n’est pas en mesure de le rendre."
522701045793693696,2014-10-16 10:50:15,Le chrétien est nécessairement miséricordieux ; c’est le cœur de l’Évangile.
521974985359757312,2014-10-14 10:45:09,"Seigneur, donne ta consolation à ceux qui souffrent, spécialement aux malades, à ceux qui sont dans le besoin, à ceux qui sont au chômage."
520864140781318145,2014-10-11 09:11:03,"Le pouvoir spirituel des sacrements est immense. Avec la grâce, nous pouvons dépasser tous les obstacles."
520163074699837440,2014-10-09 10:45:15,"Chers jeunes, le Christ compte sur vous pour être ses amis et des témoins de son amour infini."
519442074723024896,2014-10-07 11:00:16,"Demandons au Seigneur la grâce de ne pas dire du mal, de ne pas critiquer, de ne pas faire de commérages, d’aimer tout le monde."
519074621543297026,2014-10-06 10:40:08,"Viens, Esprit Saint. Fais descendre sur nous tes dons durant le Synode ! #prayforsynod"
518660675145461760,2014-10-05 07:15:15,"Tandis que nous commençons le Synode sur la famille, prions le Seigneur de nous indiquer le chemin. #prayforsynod"
518310616574869504,2014-10-04 08:04:15,"Comme Jésus l’indique à Marthe dans l’Évangile, une chose est nécessaire : prier. #praywithus"
517947279743803392,2014-10-03 08:00:29,Les familles heureuses sont essentielles pour l’Église et pour la société ! #prayforsynod
517607484509274113,2014-10-02 09:30:15,"Le Synode, c’est marcher ensemble, mais aussi prier ensemble. Je demande à tous les fidèles de participer. #praywithus"
516852512624615424,2014-09-30 07:30:16,"La division dans une communauté chrétienne est un péché très grave, elle est l’œuvre du diable."
515772870710935552,2014-09-27 08:00:09,"Il y a la tendance à mettre au centre nous-mêmes et nos ambitions personnelles. C’est très humain, mais ce n’est pas chrétien."
515048128974557184,2014-09-25 08:00:17,"Jésus comprend nos faiblesses, nos péchés ; et il nous pardonne, si nous nous laissons pardonner."
514334969414823936,2014-09-23 08:46:27,"Quand Dieu manque dans une société, la prospérité aussi est accompagnée d’une pauvreté spirituelle terrible."
513258822010273793,2014-09-20 09:30:13,"Chers jeunes, écoutez en vous-mêmes : le Christ frappe à la porte de votre cœur."
512534011499913216,2014-09-18 09:30:05,"Marie, donne-nous la grâce d’être joyeux dans la liberté des enfants de Dieu."
511813009971236865,2014-09-16 09:45:05,"Le Seigneur nous attend toujours pour nous accueillir dans son amour : c’est une chose merveilleuse, qui ne finit jamais de nous surprendre."
510676758387908608,2014-09-13 06:30:01,"Malgré nos péchés, nous pouvons répéter comme Pierre : Seigneur, tu sais tout, tu sais que je t’aime."
509989755354750977,2014-09-11 09:00:07,"Nous ne pouvons pas nous confier en nos propres forces, mais seulement en Jésus et dans sa miséricorde."
509246122900992000,2014-09-09 07:45:11,La fidélité de Dieu est plus forte que nos infidélités et que nos trahisons.
508194201457016834,2014-09-06 10:05:14,"Jésus est le Bon Pasteur. Il nous cherche et se tient près de nous, même si nous sommes pécheurs, surtout parce que nous sommes pécheurs."
507840625312419840,2014-09-05 10:40:14,Je prie chaque jour pour tous ceux qui souffrent en Irak. Priez avec moi. http://t.co/YB3NUGqgHz
507430412893687809,2014-09-04 07:30:12,Notre témoignage chrétien est authentique s’il est fidèle et sans conditions.
506718204501061633,2014-09-02 08:20:08,Un chrétien qui ne perçoit pas la Vierge Marie comme une mère est un orphelin.
505618443408658432,2014-08-30 07:30:05,Le Seigneur nous pardonne toujours et nous accompagne toujours. À nous de nous laisser pardonner et de nous laisser accompagner.
504908278015328256,2014-08-28 08:28:08,Le Christ sur la croix nous enseigne à aimer aussi ceux qui ne nous aiment pas.
504198074260934656,2014-08-26 09:26:03,On ne peut mesurer l’amour de Dieu : il est sans mesure !
503095052369801216,2014-08-23 08:23:02,Un chrétien sait donner. Sa vie est pleine d’actes généreux – mais cachés – envers le prochain.
502384929016000512,2014-08-21 09:21:15,"Demandons au Seigneur cette grâce : que notre cœur devienne libre et lumineux, pour goûter la joie des enfants de Dieu !"
501639753964343296,2014-08-19 08:00:12,"Merci, amis coréens ! Avec l’aide de Dieu, je reviendrai très bientôt en Asie! #Philippines #SriLanka"
501322639328022528,2014-08-18 11:00:06,"Beaucoup d’innocents ont été chassés de leurs maisons en Iraq. Seigneur, nous te prions pour qu’ils puissent vite y retourner"
501277355046760449,2014-08-18 08:00:09,Ayez confiance dans la puissance de la croix du Christ ! Accueillez sa grâce réconciliatrice et partagez-la avec les autres.
500960254465548288,2014-08-17 11:00:06,"Seigneur, devant tant de violence en Iraq, persévérons dans la prière et dans la générosité"
500914953272832002,2014-08-17 08:00:06,La miséricorde de Dieu nous sauve. Ne nous lassons jamais d’annoncer dans le monde ce joyeux message.
500839470308925441,2014-08-17 03:00:09,"Prions pour que l’Église soit plus sainte et plus humble, et sache aimer Dieu en servant les pauvres et les personnes seules et malades."
500597856445554689,2014-08-16 11:00:04,N’oublions pas le cri des chrétiens et de toutes les populations persécutées en Iraq
500477064227467266,2014-08-16 03:00:05,"Les martyrs nous enseignent que les richesses, le prestige et l’honneur ont peu d’importance : le Christ est l’unique vrai trésor."
500235473399209984,2014-08-15 11:00:05,"Mon cœur saigne quand je pense aux enfants d’Iraq. Que la Vierge Marie, notre Mère, les protège"
500190214669619201,2014-08-15 08:00:14,"Chers jeunes, le Christ vous appelle a être avisés et vigilants pour reconnaître ce qui compte vraiment dans la vie."
500114691994042368,2014-08-15 03:00:08,"Marie, Reine du Ciel, aide-nous à transformer le monde selon le projet de Dieu."
499873116135251968,2014-08-14 11:00:12,"Marie, Reine de la Paix, aide-nous à déraciner la haine et à vivre dans l’harmonie"
499827806902042628,2014-08-14 08:00:10,"Saint Jean-Paul II, prie pour nous, et spécialement pour nos jeunes."
499752367894450176,2014-08-14 03:00:24,Que Dieu bénisse la Corée et particulièrement ses personnes âgées et ses jeunes !
499510724985499648,2014-08-13 11:00:11,Je remercie tous ceux qui aident courageusement nos frères et nos sœurs en Iraq
499465465911996416,2014-08-13 08:00:21,"En ce jour de mon départ, je vous invite à vous unir à moi en prière pour la Corée et pour l’Asie tout entière."
498517927054692355,2014-08-10 17:15:10,"Un appel à toutes les familles : au moment de la prière, rappelez-vous de ceux qui sont contraints d’abandonner leurs maisons en Iraq."
498438635037798400,2014-08-10 12:00:05,"Les nouvelles qui viennent d’Iraq nous font mal. Seigneur, enseigne-nous à vivre en solidarité avec les frères qui souffrent"
498363157639733248,2014-08-10 07:00:10,"Les personnes privées de maison en Iraq dépendent de nous. J’invite chacun à prier et, ceux qui le peuvent, à offrir une aide concrète"
498151804387852288,2014-08-09 17:00:20,"La violence ne se vainc pas par une autre violence. Donne la paix, Seigneur, à notre temps !
#prayforpeace"
498091413058240514,2014-08-09 13:00:21,Je demande à la communauté internationale de protéger toutes les victimes de la violence en Iraq
498015883130699776,2014-08-09 08:00:13,"Je demande à toutes les paroisses et communautés catholiques de consacrer une prière spéciale, cette fin de semaine, aux chrétiens irakiens"
497796947491569665,2014-08-08 17:30:15,"Seigneur, nous te prions de soutenir ceux qui, en Iraq, sont privés de tout. #PrayForPeace"
497791025193418754,2014-08-08 17:06:43,"Je vous prie de consacrer, aujourd’hui, un moment à la prière pour tous ceux qui sont contraints de quitter leur maison en Iraq."
497790761942138880,2014-08-08 17:05:40,Je demande à tous les hommes de bonne volonté de s’unir à mes prières pour les chrétiens irakiens et pour toutes les communautés persécutées
497321279561555968,2014-08-07 10:00:07,"Le chrétien est quelqu’un qui sait s’abaisser pour que le Seigneur grandisse, dans son cœur et dans le cœur des autres."
496596541407125506,2014-08-05 10:00:16,"Si tu accumules les richesses comme un trésor, elles voleront ton âme."
495494768718123009,2014-08-02 09:02:13,"Quand on n’adore pas Dieu, on se met à adorer d’autres choses. L’argent et le pouvoir sont des idoles qui prennent souvent la place de Dieu."
494762200456650752,2014-07-31 08:31:15,Je souhaite à chaque famille de redécouvrir la prière en famille : cela aide aussi à se comprendre et à se pardonner.
494052007808749569,2014-07-29 09:29:12,Apprécions davantage le travail des personnes qui aident à domicile et des gardes-malade : c’est un service précieux.
492257917433688066,2014-07-24 10:40:07,"Quand on vit l’attachement à l’argent, à l’orgueil et au pouvoir, il est impossible d’être heureux."
491513493774802944,2014-07-22 09:22:03,Le grand risque du monde actuel est la tristesse individualiste qui naît du cœur avare.
490435957649207298,2014-07-19 10:00:18,"Dieu aime celui qui donne avec joie. Apprenons à donner avec générosité, détachés des biens matériels."
489711167200165888,2014-07-17 10:00:15,"L’Église est, par sa nature, missionnaire : elle existe pour que chaque homme et que chaque femme puisse rencontrer Jésus."
488993953878773760,2014-07-15 10:30:18,"Chers jeunes, ne tombez pas dans la médiocrité ; la vie chrétienne est faite pour les grands idéaux."
487899183597105154,2014-07-12 10:00:04,Le Mondial a fait se rencontrer des personnes de différentes nations et religions. Que le sport favorise toujours la culture de la rencontre
487174415289819136,2014-07-10 10:00:06,"Ne craignez pas de vous jeter dans les bras de Dieu : quelle que soit la chose qu’il vous demande, il vous la rendra au centuple."
486457195739901952,2014-07-08 10:30:08,"Avec Dieu rien ne se perd, mais, sans Lui, tout est perdu."
484645241513717760,2014-07-03 10:30:04,"Chers jeunes, ne renoncez pas à rêver d’un monde plus juste!"
483912918820335617,2014-07-01 10:00:05,Vivre comme de vrais enfants de Dieu signifie aimer le prochain et se faire proche de celui qui est seul et en difficulté.
483527876847755265,2014-06-30 08:30:04,"Jésus, aide-nous à aimer Dieu comme un Père et notre prochain comme un frère."
483195705461207041,2014-06-29 10:30:08,"Que les saints apôtres Pierre et Paul bénissent la ville de Rome et l’Église en pèlerinage, ici et dans le monde entier !"
482833330690203648,2014-06-28 10:30:11,"Être amis de Dieu veut dire prier avec simplicité, comme un enfant s’adresse à ses parents."
482439985212051458,2014-06-27 08:27:10,"Face aux difficultés de la vie, demandons au Seigneur de rester fermes dans le témoignage joyeux de notre foi."
482107520727519232,2014-06-26 10:26:04,La famille est un élément essentiel de tout développement humain et social durable.
481367133494865920,2014-06-24 09:24:02,Comme je voudrais voir tout le monde avec un travail décent ! C’est une chose essentielle pour la dignité humaine.
481019595105382400,2014-06-23 10:23:03,"Prions pour les communautés chrétiennes du Moyen Orient, pour qu’elles continuent à vivre là où le christianisme a ses origines."
479931712562937858,2014-06-20 10:20:11,Il y a beaucoup d’indifférence devant la souffrance. Cette indifférence est contrée par des actes concrets de charité
479553962715000832,2014-06-19 09:19:09,Il n’y a jamais de motif pour perdre l’espérance. Jésus dit : « Je suis avec vous jusqu’à la fin de monde ».
478843803801886720,2014-06-17 10:17:13,"Parfois nous rejetons les personnes âgées, mais elles sont un trésor précieux : les rejeter est injuste et c’est une perte irréparable."
478450933546766336,2014-06-16 08:16:06,Que le Seigneur bénisse la famille et la rende forte en ce moment de crise.
477759892820729856,2014-06-14 10:30:09,"Il y a le risque d’oublier les souffrances qui ne nous touchent pas de près. Réagissons, et prions pour la paix en Syrie."
477389984538701825,2014-06-13 10:00:16,"Ne faisons pas de résistance à l’Esprit Saint, soyons dociles à son action qui renouvelle chacun de nous, l’Église et le monde."
476989852756365313,2014-06-12 07:30:17,"Je souhaite à tous une très belle Coupe du Monde de football, jouée avec un esprit de vraie fraternité"
475940423592980480,2014-06-09 10:00:14,"Ne disons pas du mal des autres par derrière, mais disons leur ouvertement ce que nous pensons."
475623301880881154,2014-06-08 13:00:06,"Aujourd’hui,je demande à toutes les personnes de bonne volonté de s’unir à nous dans la prière pour la paix au Moyen-Orient.#weprayforpeace"
475215637346664449,2014-06-07 10:00:11,La prière peut tout. Utilisons-la pour porter la paix au Moyen Orient et au monde entier. #weprayforpeace
474853227892965378,2014-06-06 10:00:06,"La paix est un don de Dieu, mais elle demande notre engagement. Cherchons à être des gens de paix dans la prière et dans les faits."
474477006822703104,2014-06-05 09:05:08,"Comme le Bon Samaritain, n’ayons pas honte de toucher les blessures de celui qui souffre, mais cherchons à les guérir par un amour concret."
473766071392935936,2014-06-03 10:00:08,"Merci à tous les enseignants : éduquer est une mission importante, qui rapproche beaucoup de jeunes du bien, du beau, du vrai."
473392392540659714,2014-06-02 09:15:16,"Parfois, nous nous fermons sur nous-mêmes… Seigneur, aide-nous à aller vers les autres, à servir les plus faibles."
472671627688169472,2014-05-31 09:31:12,"Dans les moments difficiles de la vie, le chrétien trouve refuge sous le manteau de la Mère de Dieu."
472263656311246848,2014-05-30 06:30:04,"Chaque chrétien, à son poste de travail, peut porter témoignage, par ses paroles et encore avant par une vie honnête."
471939058562641920,2014-05-29 09:00:14,"Entrons dans une amitié profonde avec Jésus, ainsi nous pourrons le suivre de près et vivre avec lui et pour lui."
470107999092998144,2014-05-24 07:44:15,"Chers amis, je vous demande de m’accompagner de vos prières durant mon pèlerinage en Terre Sainte."
469779789638012929,2014-05-23 10:00:04,"Vivre avec foi veut dire mettre toute notre vie entre les mains de Dieu, spécialement dans les moments difficiles."
469417396831137793,2014-05-22 10:00:03,Aucune âme qui se laisse guider par Dieu ne reste déçue ou ne perd sa route.
468692857445183488,2014-05-20 10:00:59,"Viens, Esprit Saint ! Aide-nous à dépasser notre égoïsme."
468330300905226240,2014-05-19 10:00:19,"Quelqu’un qui écoute attentivement la Parole de Dieu et prie vraiment, demande toujours au Seigneur : quelle est ta volonté pour moi ?"
467620607136260097,2014-05-17 11:00:15,"Le mois de Mai, dédié à Marie, est un temps opportun pour commencer à réciter le Rosaire chaque jour."
467232036004954113,2014-05-16 09:16:12,"Notre objectif en tant que chrétiens : nous conformer toujours plus à Jésus, comme modèle de notre comportement."
466884488220270593,2014-05-15 10:15:10,Demandons à l’Esprit Saint la grâce de faire des choix concrets dans notre vie selon la logique de Jésus et de son Évangile.
466159193745928192,2014-05-13 10:13:07,"Lisons l’Évangile, un peu chaque jour. Ainsi nous apprendrons à vivre l’essentiel : l’amour et la miséricorde."
465778429082619904,2014-05-12 09:00:05,Notre vie a été sauvée par le sang du Christ. Laissons-nous toujours renouveler par cet amour.
465189534318071809,2014-05-10 18:00:02,Unissons-nous tous dans la prière pour que soient immédiatement relâchées les lycéennes enlevées au Nigéria. #BringBackOurGirls
465068735229751296,2014-05-10 10:00:01,"Une famille illuminée par l’Évangile est une école de vie chrétienne. Là, on apprend la fidélité, la patience et le sacrifice."
464693755098845186,2014-05-09 09:09:59,"La sainteté demande le don de soi avec un sacrifice chaque jour ; pour cela, le mariage est une voie magistrale pour devenir saints."
464321040433152000,2014-05-08 08:28:57,"Dans la famille, on apprend à aimer et à reconnaître la dignité de chaque personne, spécialement de celle qui est plus faible."
463619403523686401,2014-05-06 10:00:54,Une société qui abandonne les enfants et les personnes âgées coupe ses racines et assombrit son avenir.
463243165839785986,2014-05-05 09:05:52,Que veut dire évangéliser ? Témoigner avec joie et simplicité de ce que nous sommes et de ce en quoi nous croyons.
462532214572331008,2014-05-03 10:00:48,"N’ayez pas peur, ouvrez les portes au Christ !"
462169818439770114,2014-05-02 10:00:46,Personne n’est plus patient que Dieu le Père ; personne ne comprend et ne sait attendre comme Lui.
461798610082885633,2014-05-01 09:25:43,Je demande à tous ceux qui ont une responsabilité politique de ne pas oublier deux choses : la dignité humaine et le bien commun.
461074823666343936,2014-04-29 09:29:38,Qui de nous peut prétendre ne pas être pécheur ? Personne. Demandons pardon à Dieu pour nos péchés.
460697074573385728,2014-04-28 08:28:36,Le manque d’équité est la racine des maux sociaux.
459956679782576129,2014-04-26 07:26:32,Personne ne peut se sentir dispensé du partage avec les pauvres et de la justice sociale (EG 201).
459624231915892736,2014-04-25 09:25:30,Nous ne devons jamais nous laisser piéger par le pessimisme. La foi déplace les montagnes !
459246483951206401,2014-04-24 08:24:28,Un style de vie sobre nous fait du bien et nous permet de mieux partager avec celui qui est dans le besoin.
458183455570817024,2014-04-21 10:00:23,"Chaque rencontre avec Jésus nous remplit de joie, de cette joie profonde que seul Dieu peut nous donner."
457821059824095234,2014-04-20 10:00:21,Christ est ressuscité ! Alléluia !
457096267932250112,2014-04-18 10:00:17,"Suivre Jésus de près n’est pas facile, parce que la route qu’il choisit est le chemin de la croix."
456012856425586690,2014-04-15 10:15:11,Chaque rencontre avec Jésus nous change la vie !
455620008362536960,2014-04-14 08:14:09,La Semaine Sainte est un bon moment pour se confesser et reprendre le juste chemin.
454921894584537090,2014-04-12 10:00:06,"Comme il est doux de se tenir devant le Crucifix, et rester simplement sous le regard plein d’amour du Seigneur. (EG 264)"
454547165751177216,2014-04-11 09:11:04,"Seule la confiance en Dieu peut transformer le doute en certitude, le mal en bien, la nuit en aurore radieuse."
454169419111870465,2014-04-10 08:10:02,"Jésus nous enseigne à ne pas avoir honte de toucher la misère humaine, de toucher sa chair dans les pauvres qui souffrent. (EG 270)"
453474399023153152,2014-04-08 10:08:16,"Il faut récupérer un esprit contemplatif, pour que l’amour de Dieu réchauffe nos cœurs."
453096718079238144,2014-04-07 09:07:30,Combien cela nous fait du bien de laisser le Seigneur secouer notre vie tiède et superficielle !
452386525808820224,2014-04-05 10:05:27,"Dans l’Évangile, nous pouvons écouter chaque jour Jésus qui nous parle : portons toujours sur nous un petit Évangile !"
452008780260061184,2014-04-04 09:04:25,"Avec Jésus la vie acquiert sa plénitude. Avec Lui, c’est plus facile de trouver le sens de toute chose. (EG 266)"
451631034774196224,2014-04-03 08:03:24,Nous ne pouvons pas nous habituer aux situations de dégradation et de misère qui nous entourent. Un chrétien doit réagir.
450935691296247808,2014-04-01 10:00:21,"Chers parents, apprenez à vos enfants à prier. Priez avec eux."
450558201377726465,2014-03-31 09:00:20,"Le Carême est le temps pour changer de cap, pour réagir face au mal et à la misère."
449870907377336322,2014-03-29 11:29:17,"Nous vivons dans une société qui exclut Dieu de l’horizon ; et cela, jour après jour, empoisonne le cœur !"
449478062325772289,2014-03-28 09:28:15,"Nous avons tous besoin de progresser, de changer en mieux. Que le Carême nous aide à lutter contre nos défauts."
449130515874856960,2014-03-27 10:27:14,"Le Carême est un temps de grâce, un temps pour se convertir et vivre en cohérence avec son baptême."
448405224667881472,2014-03-25 10:25:11,Nous ne pouvons pas être des disciples tièdes. L’Église a besoin de notre courage pour rendre témoignage à la vérité.
448057678871269377,2014-03-24 11:24:09,"Jésus n’est jamais loin de nous pécheurs. Il veut répandre sur nous, sans mesure, toute sa miséricorde."
447302188117676032,2014-03-22 09:22:06,Jésus est notre espérance. Rien – ni le mal ni la mort – ne peut nous séparer de la puissance salvifique de son Amour.
446969742297800704,2014-03-21 11:21:05,La maladie et la mort ne sont pas des tabous. Ce sont des réalités que nous devons affronter en présence de Jésus.
446622196492812288,2014-03-20 12:20:04,"Apprenons à dire ‘Merci’ à Dieu, aux autres. Nous l’enseignons aux enfants, mais ensuite nous l’oublions !"
446315922559475713,2014-03-19 16:03:02,"Un salut au Réseau Mondial des Ecoles pour la Rencontre.
Aujourd’hui nous plantons le premier olivier virtuel pour la paix. @infoscholas"
445881804088545281,2014-03-18 11:18:00,L’amour chrétien est un amour sans calculs. C’est la leçon du bon Samaritain ; c’est la leçon de Jésus.
445474110919811073,2014-03-17 08:17:59,"Merci pour toutes les expressions d’affection pour l’anniversaire. S’il vous plaît, continuez à prier pour moi."
444050456604459009,2014-03-13 10:00:53,Priez pour moi.
442225399951409154,2014-03-08 09:08:46,"Le défi des époux chrétiens : être ensemble, savoir s’aimer pour toujours et faire en sorte que l’amour grandisse."
441877854280642560,2014-03-07 10:07:44,"Notre joie la plus profonde vient du Christ : être avec lui, marcher avec lui, être ses disciples."
441530308777607169,2014-03-06 11:06:43,"Prions pour les chrétiens victimes de persécutions, pour que nous sachions réagir au mal par le bien."
441126138232836096,2014-03-05 08:20:41,Le Carême est un temps approprié au renoncement. Privons-nous de quelque chose chaque jour pour aider les autres.
440774817470373889,2014-03-04 09:04:40,Dans la vie nous faisons tous beaucoup de fautes. Apprenons à reconnaître nos erreurs et à demander pardon.
440427271451459586,2014-03-03 10:03:38,"Comment bien vivre le mariage ? Unis au Seigneur, qui renouvelle toujours l’amour et le rend plus fort que chaque difficulté."
439686629171556352,2014-03-01 09:00:36,"Remercions tous ceux qui enseignent dans les écoles catholiques. Éduquer est un acte d’amour, c’est comme donner la vie."
439361480996032512,2014-02-28 11:28:34,L’Eucharistie est essentielle pour nous : c’est le Christ qui veut entrer dans notre vie et la remplir de sa grâce.
438968634786856960,2014-02-27 09:27:32,"Dans une famille, il est normal de prendre en charge celui qui est dans le besoin. N’ayez pas peur de la fragilité !"
438258443242061824,2014-02-25 10:25:29,"Nous tous, baptisés, nous sommes disciples-missionnaires. Nous sommes appelés à devenir dans le monde un Évangile vivant."
437910897474826241,2014-02-24 11:24:28,"La Vierge Marie nous est toujours proche, surtout quand se fait sentir le poids de la vie avec tous ses problèmes."
437155406104637440,2014-02-22 09:22:25,"Ne perdons jamais l’espérance ! Dieu nous aime toujours, même avec nos erreurs et nos péchés."
436807860278657024,2014-02-21 10:21:24,La Confirmation est importante pour un chrétien ; elle nous donne la force de défendre la foi et de répandre l’Évangile avec courage.
436460313915817986,2014-02-20 11:20:22,"Seigneur Jésus, rends-nous capables d’aimer comme toi."
435704821098631168,2014-02-18 09:18:19,"Apprenons de Jésus à prier, à pardonner, à semer la paix, à être proches de celui qui est dans le besoin."
435357276073779200,2014-02-17 10:17:17,"Chers malades, ne perdez pas l’espérance, même dans les moments plus durs de la souffrance. Le Christ est proche de vous."
434616885041057794,2014-02-15 09:15:14,"Prions pour la paix en Afrique, spécialement en République Centrafricaine et dans le Sud Soudan. #prayforpeace"
434284438000656384,2014-02-14 11:14:13,"Jeunes, n’ayez pas peur de vous marier : unis dans un mariage fidèle et fécond, vous serez heureux !"
433906692862918657,2014-02-13 10:13:11,"Prions pour les séminaristes, afin qu’ils écoutent la voix du Seigneur et la suivent avec courage et avec joie."
433194991800692736,2014-02-11 11:05:09,Je salue toutes les personnes malades et souffrantes. Le Christ crucifié vous est proche : accrochez-vous à lui !
433163536768839680,2014-02-11 09:00:09,"Aujourd’hui, je vous invite à prier ensemble avec moi pour Sa Sainteté Benoît XVI, un homme de grand courage et d’humilité."
432833856572370944,2014-02-10 11:10:07,Prions pour tous les prêtres bons et fidèles qui se dévouent au service de leur peuple avec générosité et sacrifice silencieux.
432078364262666240,2014-02-08 09:08:04,"Les sacrements, spécialement la Confession et l’Eucharistie, sont des lieux privilégiés de rencontre avec le Christ."
431730817723678720,2014-02-07 10:07:02,Quelle saveur acquiert la vie quand on se laisse inonder par l’amour de Dieu !
431383270987534336,2014-02-06 11:06:01,"Le monde fait regarder vers nous-mêmes, l’avoir, le plaisir. L’Évangile nous invite à nous ouvrir aux autres, à partager avec les pauvres."
430658230587383808,2014-02-04 11:04:58,"Chers jeunes, Jésus nous donne la vie, la vie en abondance. Près de lui, nous aurons la joie dans le cœur, et le sourire aux lèvres."
430280485197991938,2014-02-03 10:03:56,C’est important d’avoir des amis à qui se confier. Mais il est essentiel d’avoir confiance dans le Seigneur qui ne nous déçoit jamais.
429932437410299906,2014-02-02 11:00:55,Que la Journée mondiale de la Vie consacrée soit une occasion propice pour redécouvrir la place centrale de Jésus Christ dans notre vie
429538584324890624,2014-02-01 08:55:53,"Parfois nous sommes tristes à cause de nos péchés. Ne nous décourageons pas: le Christ est venu ôter tout cela, il nous donne la paix."
429185250036441088,2014-01-31 09:31:52,Personne ne se sauve tout seul. La dimension communautaire est essentielle dans la vie chrétienne.
428852803318976514,2014-01-30 11:30:50,Je ne peux imaginer un chrétien qui ne sache pas sourire. Cherchons à donner un témoignage joyeux de notre foi.
428127512850612224,2014-01-28 11:28:47,Prions pour l’unité des chrétiens. Elles sont nombreuses et très précieuses les choses qui nous unissent !
427734666976587776,2014-01-27 09:27:46,"Chers jeunes, ne vous contentez-pas d’une vie médiocre. Laissez-vous séduire par ce qui est vrai et beau, par Dieu !"
427024475184300032,2014-01-25 10:25:43,"Il est facile de se tourner vers Dieu pour demander, nous  le faisons tous. Quand apprendrons-nous aussi à le remercier et à l’adorer ?"
426676928901181441,2014-01-24 11:24:41,"Nous sommes appelés à vivre notre Baptême chaque jour, comme nouvelles créatures, revêtues du Christ."
426299183511769088,2014-01-23 10:23:40,"Comme Marie, gardons en nous la lumière allumée à Noël, portons-la partout, dans la vie de chaque jour."
425573892610994176,2014-01-21 10:21:37,"Si nous vivons la foi au quotidien, même le travail devient une occasion pour transmettre la joie d’être chrétiens."
425196145514516481,2014-01-20 09:20:35,"Il ne suffit pas d’être chrétiens, il faut vivre la foi, non seulement par des paroles, mais par les œuvres."
424470853678424064,2014-01-18 09:18:32,Les guerres brisent tant de vies. Je pense spécialement aux enfants volés de leur enfance.
424123307667902464,2014-01-17 10:17:31,"Comme la prière est puissante ! Ne perdons jamais le courage de dire : Seigneur, donne-nous ta paix."
423775762013900800,2014-01-16 11:16:29,"Prions pour la paix, et cherchons à la construire, en commençant à la maison !"
423035370297495552,2014-01-14 10:14:26,"Disons toujours merci à Dieu, surtout pour sa patience et sa miséricorde."
422657625042337793,2014-01-13 09:13:25,Le Seigneur frappe à la porte de notre cœur. Peut-être avons-nous mis un petit écriteau où il est écrit : “Ne pas déranger” ?
421947432138596352,2014-01-11 10:11:21,Aucun ancien ne devrait être comme “exilé” de nos familles. Les personnes âgées sont un trésor pour la société.
421599886895628291,2014-01-10 11:10:20,Arrêtons-nous devant l’Enfant de Bethléem. Laissons la tendresse de Dieu réchauffer notre cœur.
421222140898078720,2014-01-09 10:09:18,"Contemplons l’humilité du Fils de Dieu, né pauvre. Imitons-le dans le partage avec les personnes les plus faibles."
420497855183192064,2014-01-07 10:11:15,"Laissons une place libre à table: une place pour celui qui manque du nécessaire, pour celui qui est demeuré seul."
419789675285327873,2014-01-05 11:17:12,"Chers amis, je vous remercie des vœux chaleureux que vous m’avez adressés pour les fêtes de Noël. Que le Seigneur vous bénisse tous !"
419388777144918016,2014-01-04 08:44:10,"Chers jeunes, Jésus veut être votre ami, et il veut que vous transmettiez partout la joie de cette amitié."
418668266697928704,2014-01-02 09:01:07,"Dieu ne se révèle pas dans la force ou dans la puissance, mais dans la faiblesse et dans la fragilité d’un nouveau-né"
417966130519502848,2013-12-31 10:31:05,Puisons à la crèche la joie et la paix profonde que Jésus vient apporter dans le monde.
417623614897127424,2013-12-30 11:50:03,"Dans le visage de l’Enfant-Jésus nous contemplons le visage de Dieu. Venez, adorons !"
416893290932219904,2013-12-28 11:28:00,"Marie, notre Mère, est toute belle parce qu’elle est pleine de grâce."
416512777620955138,2013-12-27 10:15:59,"Que la joie de l’Évangile soit toujours dans vos cœurs, spécialement en ce temps de Noël !"
416142330857418753,2013-12-26 09:43:57,"Devant la crèche, prions de façon spéciale pour ceux qui souffrent la persécution à cause de leur foi."
415780441061597184,2013-12-25 09:45:56,"À Noël, le Christ vient parmi nous : c’est le moment favorable pour une rencontre personnelle avec le Seigneur."
415439437003100160,2013-12-24 11:10:54,Le Seigneur vient. Attendons-le avec un cœur ouvert!
415065215072354305,2013-12-23 10:23:53,"Noël est une fête souvent bruyante : cela nous fera du bien de rester un peu en silence, pour écouter la voix de l’Amour."
414324822714241025,2013-12-21 09:21:50,L’Avent est un chemin vers Bethléem. Laissons-nous attirer par la lumière de Dieu fait homme.
413992376483323904,2013-12-20 11:20:48,"Cherchons à vivre Noël de manière cohérente avec l’Évangile, en accueillant Jésus au centre de notre vie."
413629730567372801,2013-12-19 11:19:47,Prions pour que Dieu nous accorde la grâce de voir un monde où personne ne doive jamais mourir de faim.
412949736606273537,2013-12-17 14:17:44,"L’amour de Dieu n’est pas vague. Dieu pose son regard d’amour sur chaque homme et sur chaque femme, avec son nom et son prénom."
412587091399172097,2013-12-16 14:16:42,Ne nous résignons-pas à penser à un Moyen Orient sans les chrétiens. Prions chaque jour pour la paix !
411861799051350017,2013-12-14 14:14:39,Voici l’espérance chrétienne : l’avenir est dans les mains de Dieu.
411495883562172416,2013-12-13 14:00:38,"Ne crains pas d’aller te confesser : dans ce sacrement, tu rencontres Jésus qui te pardonne."
411136506179248129,2013-12-12 14:12:36,On ne peut penser à une Église sans joie. La joie de l’Église est celle-là : annoncer à tous le nom de Jésus !
410408700390555648,2013-12-10 14:00:33,"Que Marie, notre Mère, nous soutienne dans les moments d’obscurité, de difficulté, d’échec apparent !"
410048567445692416,2013-12-09 14:09:31,"Si quelqu’un demande de l’aide, nous arrêtons-nous ? Il y a tant de souffrance et de pauvreté, et il y a tant besoin de bons samaritains !"
409323276469403648,2013-12-07 14:07:28,"Chers jeunes, je vous invite à mettre vos talents au service de l’Évangile, avec créativité et avec une charité sans frontières."
408965663705681920,2013-12-06 14:26:27,"La croix est le prix de l’amour véritable. Seigneur, donne-nous la force d’accepter et de porter notre croix !"
408597985203736576,2013-12-05 14:05:25,"La sainteté ne signifie pas faire des choses extraordinaires, mais faire celles qui sont ordinaires avec amour et avec foi."
407875660284063745,2013-12-03 14:15:10,Nous sommes tous appelés à l’amitié avec Jésus. N’ayez pas peur de vous laisser aimer par le Seigneur.
407509547922632704,2013-12-02 14:00:22,"Tes péchés sont grands ? Dis au Seigneur : pardonne-moi, aide-moi à me relever, transforme mon cœur !"
406792313138982912,2013-11-30 14:30:19,L’Église nous appelle tous à nous laisser envelopper par la tendresse et le pardon du Père.
406429662722535424,2013-11-29 14:29:17,"Pour nous, il est difficile de pardonner les autres. Seigneur, donne-nous ta miséricorde, pour pardonner toujours."
406067016743669761,2013-11-28 14:28:15,"Apprenons à être dociles à la Parole de Dieu, prêts pour les surprises du Seigneur qui nous parle."
405341724446167041,2013-11-26 14:26:12,L’Église est missionnaire. Le Christ nous envoie porter la joie de l’Évangile au monde entier.
404979078224044034,2013-11-25 14:25:11,"Vivre la charité signifie ne pas chercher son propre intérêt, mais porter les fardeaux des plus faibles et des plus pauvres."
404253787067400192,2013-11-23 14:23:08,"Les sacrements sont la présence de Jésus Christ en nous. Pour cela, il est important de se confesser et de communier."
403895673583464448,2013-11-22 14:40:07,"Le Royaume des cieux est pour ceux qui mettent leur sécurité dans l’amour de Dieu, non dans les choses matérielles."
403528682364338176,2013-11-21 14:21:49,"Être saint n’est pas le privilège d’un petit nombre, mais une vocation pour tous."
402803391073488896,2013-11-19 14:19:46,"Les saints ne sont pas des superhommes. Ce sont des personnes qui ont l’amour de Dieu au cœur, et transmettent cette joie aux autres !"
402440745325301762,2013-11-18 14:18:45,"Confesser nos péchés nous coûte un peu, mais nous apporte la paix. Nous sommes pécheurs, et nous avons besoin du pardon de Dieu."
401715453187211264,2013-11-16 14:16:42,"Jésus a voulu conserver ses plaies pour nous faire sentir sa miséricorde. Elle est notre force, notre espérance."
401352810853199872,2013-11-15 14:15:41,"Chers jeunes, soyez toujours des missionnaires de l’Évangile, chaque jour et en tout lieu !"
400994192425381890,2013-11-14 14:30:40,"Ayez soin de la création. Mais surtout, prenez soin des personnes qui n’ont pas le nécessaire pour vivre."
400193402966249472,2013-11-12 09:28:37,"Rappelons-nous les Philippines, le Vietnam et toute la région frappée par le typhon Haiyan. Soyez généreux dans la prière et l’aide concrète"
399902226870575106,2013-11-11 14:11:35,Dieu nous aime. Découvrons la beauté d’aimer et de se sentir aimés.
399176938243112960,2013-11-09 14:09:33,Notre vie doit être centrée sur l’essentiel : sur Jésus Christ. Tout le reste est secondaire.
398816559851778049,2013-11-08 14:17:32,"L’Année de la Foi va s’achever. Seigneur, aide-nous en ce temps de grâce à prendre l’Évangile au sérieux !"
398453664878043136,2013-11-07 14:15:31,"Les saints sont des personnes qui appartiennent pleinement à Dieu. Ils n’ont pas peur d’être raillés, incompris ou marginalisés."
397726365337653248,2013-11-05 14:05:29,"Pour rester fidèles à l’Évangile et cohérents avec lui, il nous faut du courage."
397363719002271746,2013-11-04 14:04:27,"Je remercie tous les missionnaires, hommes et femmes qui travaillent beaucoup pour le Seigneur et pour leurs frères sans faire de bruit"
396638430274142209,2013-11-02 14:02:25,La lutte contre le mal est dure et longue ; il est essentiel de prier avec constance et patience
395920942611705856,2013-10-31 14:31:23,"Un chrétien sait affronter les difficultés, les épreuves – même les échecs   avec sérénité et espérance dans le Seigneur"
395195728550584321,2013-10-29 14:29:38,"Si les biens matériels et l’argent deviennent le centre de la vie, ils nous happent et nous rendent esclaves"
394829810972647424,2013-10-28 14:15:37,"Nous sommes tous pécheurs. Mais Dieu nous guérit avec l’abondance de sa grâce, de sa miséricorde et de sa tendresse"
394376818410536960,2013-10-27 08:15:35,"Chers Follower, j’ai appris que vous êtes plus de 10 millions ! Je vous remercie de tout cœur vous demandant de continuer à prier pour moi"
394097471434940417,2013-10-26 13:45:33,Nous participons trop souvent à la mondialisation de l’indifférence ; cherchons au contraire à vivre une solidarité mondiale
393730042770890752,2013-10-25 13:25:32,"La culture du déchet produit beaucoup de fruits amers, du gaspillage de la nourriture à l’isolement de nombreuses personnes âgées"
393367300360777731,2013-10-24 13:24:07,"Être chrétien veut dire renoncer à nous-même, prendre la croix et la porter avec Jésus. Il n’y a pas d’autre chemin."
392642005546708993,2013-10-22 13:22:03,"Le crucifix ne nous parle pas de défaite, d’échec ; il nous parle d’un Amour qui vainc le mal et le péché"
392279357864951808,2013-10-21 13:21:01,"Pour connaître le Seigneur, il est important de le fréquenter : l’écouter en silence devant le tabernacle, s’approcher des sacrements."
391554313580851202,2013-10-19 13:19:57,"Suivre Jésus veut dire le mettre à la première place, se dépouiller de beaucoup de choses qui étouffent notre cœur."
391191664720506880,2013-10-18 13:18:55,Ne nous résignons pas en face du mal. Dieu est Amour qui a vaincu le mal dans la mort et la résurrection du Christ.
390836064916484098,2013-10-17 13:45:53,"Notre prière ne peut se réduire à une heure, le dimanche ; il est important d’avoir une relation quotidienne avec le Seigneur."
389751437640495106,2013-10-14 13:55:58,"Chers jeunes, n’ayez pas peur de faire des pas définitifs dans la vie. Ayez confiance, le Seigneur ne vous laisse pas seuls!"
388661732740038657,2013-10-11 13:45:52,"Quand nous rencontrons la croix, tournons-nous vers la Vierge Marie : notre Mère, donne-nous la force d’accepter et d’embrasser la croix !"
388290369349115905,2013-10-10 13:10:12,"Le mystère de la Croix, un mystère d’amour, ne peut se comprendre que dans la prière. Prier et pleurer à genoux devant la Croix."
387570612916334592,2013-10-08 13:30:09,"Le secret de la vie chrétienne est l’amour. Seul l’amour remplit les vides, les gouffres négatifs que le mal ouvre dans les cœurs !"
387202428312895490,2013-10-07 13:07:07,La miséricorde est la véritable force qui peut sauver l’homme et le monde du péché et du mal
386479650974621696,2013-10-05 13:15:03,"Chers jeunes, vous avez des projets et des rêves pour l’avenir. Mettez-vous le Christ au centre de chacun de vos projets et de vos rêves ?"
384965928238067713,2013-10-01 09:00:04,"Prions-nous véritablement ? Sans une relation constante avec Dieu, il est difficile d’avoir une vie chrétienne authentique et cohérente"
384626183289069570,2013-09-30 10:30:02,"Là où nous voyons haine et obscurité, cherchons à apporter un peu d’amour et d’espérance, pour donner un visage plus humain à la société"
383901138895904769,2013-09-28 10:28:58,"Tous les mariages affrontent des moments difficiles, mais ces expériences de la croix peuvent rendre le chemin de l’amour encore plus fort"
383523391673622528,2013-09-27 09:27:56,Nous ne deviendrons pas chrétiens par nos propres forces. La foi est avant tout un don de Dieu qui nous est donné dans l’Église et par elle
383115404899393536,2013-09-26 06:26:45,Le pardon de Dieu est plus fort que tout péché
382450507182116864,2013-09-24 10:24:41,"Demandons au Seigneur d’avoir la tendresse qui nous fait regarder les pauvres avec compréhension et amour, sans calculs et sans craintes"
382072758311464960,2013-09-23 09:23:38,L’Église n’a pas d’autre sens ni d’autre but que de témoigner de Jésus. Ne l’oublions jamais !
381317259035037696,2013-09-21 07:21:33,La vraie charité demande un peu de courage : dépassons la peur de nous salir les mains pour aider les plus nécessiteux
380999910507560960,2013-09-20 10:20:31,Le Christ est toujours fidèle. Prions pour lui être toujours fidèles nous aussi
380607061442048001,2013-09-19 08:19:29,"Nous sommes tous pécheurs, mais nous vivons la joie du pardon de Dieu et nous marchons, confiants dans sa miséricorde"
379896863127650304,2013-09-17 09:17:24,Il y a beaucoup de nécessiteux dans le monde d’aujourd’hui. Suis-je enfermé sur moi-même ou suis-je sensible à celui qui a besoin d’aide ?
379156465992208384,2013-09-15 08:15:20,Chercher son bonheur dans la possession de choses matérielles est une manière assurée de ne pas être heureux
378808917712596993,2013-09-14 09:14:18,"Parfois, on peut vivre sans connaître ses voisins : ce n’est pas vivre en chrétiens"
378424123958886400,2013-09-13 07:45:16,"Jésus est le soleil, Marie est l’aurore qui annonce son lever"
378098218795421696,2013-09-12 10:10:14,Suivre Jésus signifie partager son amour miséricordieux pour chaque être humain #prayforpeace
377453956022038528,2013-09-10 15:30:10,L’unique guerre que tous nous devons faire est celle contre le mal #prayforpeace
377344481093099522,2013-09-10 08:15:09,Je voudrais remercier tous ceux qui ont adhéré à la veillée de prière et au jeûne pour la paix #prayforpeace
377106661925609472,2013-09-09 16:30:09,L’humanité a besoin de voir des gestes de paix et d’entendre des paroles d’espérance et de paix ! #prayforpeace
377011528349659136,2013-09-09 10:12:07,Je demande d’entreprendre courageusement et résolument la voie de la rencontre et de la négociation #prayforpeace
376996428561674241,2013-09-09 09:12:07,"Nous ne pouvons jamais perdre l’espérance. Dieu nous comble de sa grâce, si nous la lui demandons avec persévérance."
376298821631737856,2013-09-07 11:00:05,"Priez pour la paix!
https://t.co/Dwl7PYYGrz
#prayforpeace"
376011926473424896,2013-09-06 16:00:03,Qu’une chaîne d’engagement pour la paix unisse tous les hommes et toutes les femmes de bonne volonté ! #prayforpeace
375918798869508097,2013-09-06 09:50:00,"Chers jeunes, priez avec moi pour la paix dans le monde #prayforpeace"
375893632236007424,2013-09-06 08:10:00,"La paix est un bien qui dépasse toute barrière, parce qu’elle est un bien de toute l’humanité#prayforpeace"
375649776286437377,2013-09-05 16:01:00,Il n’existe pas un Christianisme à bas prix. Suivre Jésus signifie aller à contre-courant en renonçant au mal et à l’égoïsme
375648509724082177,2013-09-05 15:55:58,"De toutes mes forces, je demande aux parties en conflit de ne pas s’enfermer dans leurs propres intérêts. #prayforpeace"
375291902431477760,2013-09-04 16:18:56,Que partout sur la terre s’élève avec force le cri de la paix!#prayforpeace
374928752066560000,2013-09-03 16:15:54,"Avec une particulière fermeté, je condamne l’usage des armes chimiques !"
374819280212082689,2013-09-03 09:00:54,"Nous voulons que dans notre société, déchirée par des divisions et des conflits, explose la paix"
374796625996050432,2013-09-03 07:30:53,"En venant parmi nous, Jésus transforme notre vie. En Lui nous voyons que Dieu est amour. Il est fidélité. Il est la vie qui se donne."
374570126487478272,2013-09-02 16:30:51,"Que de souffrance, que de dévastation, que de douleur a provoqué et provoque l’usage des armes"
374524829212221440,2013-09-02 13:30:52,"Nous voulons un monde de paix, nous voulons être des hommes et des femmes de paix"
374471726010101760,2013-09-02 09:59:51,Plus jamais la guerre ! Plus jamais la guerre !
374117128502120448,2013-09-01 10:30:48,Prions pour la paix : la paix dans le monde et dans le cœur de chaque personne.
373716980672372736,2013-08-31 08:00:46,"Demandons à Marie de nous aider à maintenir le regard bien fixé sur Jésus, à le suivre toujours, même quand c’est exigeant."
373482933576663040,2013-08-30 16:30:45,"La foi n’est pas un objet décoratif, ornemental. Avoir la foi signifie mettre réellement le Christ au centre de sa vie."
373017603456790529,2013-08-29 09:41:41,"L’amour de Dieu n’est pas quelque chose de vague, de général. L’amour de Dieu a un nom et un visage : Jésus-Christ."
372300608847364097,2013-08-27 10:12:36,"Laissons entrer Jésus dans nos vies en sortant de nos égoïsmes, indifférences et fermetures envers les autres."
372298847327756288,2013-08-27 10:05:36,"Jésus est la porte qui conduit vers le salut, une porte ouverte à tous."
371574052827062274,2013-08-25 10:05:32,N’aie pas peur de demander pardon à Dieu. Il ne se fatigue jamais de nous pardonner. Dieu est pure miséricorde
370850514193240065,2013-08-23 10:10:27,"Seigneur, enseigne nous à sortir de nous-mêmes. Enseigne nous à sortir dans les rues pour manifester ton amour"
370124463326502915,2013-08-21 10:05:23,Un excellent programme de vie pour nous tous : les Béatitudes et Matthieu 25
369402177787146240,2013-08-19 10:15:17,"Nous ne pouvons pas être des chrétiens à temps partiel. Si le Christ est au centre de notre vie, il est présent en tout ce que nous faisons."
368658513813192704,2013-08-17 09:00:13,Nous ne pouvons pas dormir tranquilles alors que des enfants meurent de faim et que des personnes âgées n’ont pas d’assistance médicale.
367953859567562753,2013-08-15 10:20:11,"Marie, Mère de Dieu, prie pour nous pécheurs, et guide-nous sur la voie qui conduit au Ciel."
367224044824707073,2013-08-13 10:00:09,Etre fils de Dieu et frères entre nous : voilà le cœur de l’expérience chrétienne
366504281869787136,2013-08-11 10:20:04,On ne peut pas séparer le Christ de l’Eglise. La grâce du Baptême nous donne la joie de suivre le Christ dans et avec l’Eglise
365761626089062400,2013-08-09 09:09:01,"Nous sommes tous des vases d’argile, fragiles et pauvres, mais dans lesquels se trouve le trésor immense que nous portons"
365021487704453121,2013-08-07 08:07:59,"Par sa venue parmi nous Jésus s’est fait proche, il nous a touchés ; aujourd’hui encore, par les Sacrements, il nous touche"
364326393980526592,2013-08-05 10:05:55,La lumière de la foi illumine toutes nos relations et nous aide à les vivre en union avec l’amour du Christ pour les vivre comme Lui
363238454072573952,2013-08-02 10:02:50,"La certitude de la foi ne nous rend ni immobiles ni fermés, mais nous met en chemin pour rendre témoignage à tous et dialoguer avec tous"
362475664856715269,2013-07-31 07:31:47,"Chers jeunes, cela vaut la peine de parier sur le Christ et sur l’Evangile, de tout risquer pour de grands idéaux. #Rio2013 #JMJ"
362112870248493056,2013-07-30 07:30:10,"Maintenant, chers jeunes, nous devons continuer à vivre jour après jour ce que nous avons professé ensemble aux JMJ"
361901367561949184,2013-07-29 17:29:44,Une semaine à Rio inoubliable ! Merci à tous. Priez pour moi. #Rio2013 #JMJ
361788377768534017,2013-07-29 10:00:45,"Je retourne chez moi, et je vous assure que ma joie est beaucoup plus grande que ma fatigue"
361659769414623234,2013-07-29 01:29:43,Je remercie profondément tous ceux qui ont travaillé pour le succès des JMJ et j’embrasse tous les participants. #Rio2013 #JMJ
361463220462039040,2013-07-28 12:28:42,"Laissons notre vie s’identifier à celle de Jésus, afin d’avoir ses sentiments et ses pensées. #Rio2013 #JMJ"
361407098518638592,2013-07-28 08:45:41,"Chers jeunes, soyez de vrais « athlètes du Christ » ! Jouez dans son équipe! #Rio2013 #JMJ"
361296869135093761,2013-07-28 01:27:40,"Nous ne pouvons pas rester enfermés dans notre paroisse, dans nos communautés, quand tant de personnes sont en attente de l’Evangile."
361236469932756993,2013-07-27 21:27:40,Chers jeunes puissiez-vous apprendre à prier tous les jours : c’est le moyen de connaître Jésus et de le faire entrer dans notre vie.
361115671188340736,2013-07-27 13:27:39,Les Evêques sont les pasteurs du Peuple de Dieu. Suivons-les avec courage et confiance. #Rio2013 #JMJ
360888922265497602,2013-07-26 22:26:38,"Il n’y a pas dans notre vie de croix, grande ou petite, que le Seigneur ne partage avec nous. #Rio2013 #JMJ"
360753023238144000,2013-07-26 13:26:37,"Le vendredi nous rappelle tout ce que Jésus a souffert pour nous. Fais, Seigneur, que nous n’oublions jamais combien tu nous aimes"
360707723987394561,2013-07-26 10:26:37,Quelle fête inoubliable d’accueil à Copacabana ! Que Dieu vous bénisse tous ! #Rio2013 #JMJ
360526274239791105,2013-07-25 22:25:36,"La grandeur d’une société se mesure à la manière dont elle traite celui qui est le plus dans le besoin, celui qui n’a que sa pauvreté."
360420574733926400,2013-07-25 15:25:35,"La vie chrétienne ne se limite pas à la prière, mais demande un engagement continuel et courageux qui naît de la prière. #Rio2013 #JMJ"
360384098553970689,2013-07-25 13:00:39,"Que le sport soit toujours un moyen d’échange et de croissance, et jamais de violence ni de haine. #Rio2013 #JMJ"
360148526153474048,2013-07-24 21:24:34,Remercions le bienheureux Jean-Paul II pour les JMJ et pour tant de vocations qui sont nées durant ces 28 journées. #Rio2013 #JMJ
360057929774272512,2013-07-24 15:24:34,"Ne l’oublions jamais, chers jeunes: la Vierge Marie est notre Maman et c’est avec son aide que nous pouvons rester fidèles à Jésus."
359785879700647936,2013-07-23 21:23:32,"Chers jeunes, le Christ a confiance en vous et vous confie sa mission : allez, faites des disciples. #Rio2013 #JMJ"
359695280888745985,2013-07-23 15:23:32,L’Eglise est jeune et cela se voit vraiment bien aux JMJ. Que le Seigneur nous garde chacun toujours jeune de cœur. #Rio2013 #JMJ
359619780044529664,2013-07-23 10:23:31,Merci. Merci. Merci à vous tous et à toutes les autorités pour ce magnifique accueil à Rio. #Rio2013 #JMJ
359417696313556993,2013-07-22 21:00:31,Aujourd’hui nous commençons une semaine merveilleuse à Rio; qu’elle soit une occasion pour approfondir notre amitié avec Jésus-Christ
359211832055042048,2013-07-22 07:22:29,J’arrive au Brésil dans quelques heures et mon cœur est déjà rempli de joie parce que bientôt je serai avec vous pour les 28ème JMJ
358894482239930369,2013-07-21 10:21:27,Combien voudraient être à Rio pour les JMJ mais ne le peuvent pas! Qu’ils se sentent les bienvenus parmi nous par la prière
358504150834753536,2013-07-20 08:30:24,Chers jeunes; je sais que beaucoup d’entre vous êtes encore en route pour Rio. Que le Seigneur vous accompagne en chemin
358154082843754496,2013-07-19 09:19:22,"Beaucoup d’entre vous, chers jeunes, êtes déjà arrivés à Rio, et d’autres arrivent en ce moment. Nous nous y verrons dans trois jours"
357776335512408065,2013-07-18 08:18:20,"En cette Année de la foi, rappelons-nous que la foi n’est pas notre propriété, mais qu’elle doit être partagée. Tout chrétien est un apôtre"
357428789602549760,2013-07-17 09:17:18,"Dieu a beaucoup de miséricorde envers nous. Apprenons, nous aussi, à avoir miséricorde envers les autres, surtout ceux qui souffrent"
357081238336577537,2013-07-16 10:16:16,"Dans la vie chrétienne la prière, l’humilité et la charité envers tous sont essentielles : c’est le chemin de la sainteté"
356357633596325890,2013-07-14 10:20:55,"Pour un chrétien, la vie n’est pas le produit du pur hasard, mais le fruit d’un appel et d’un amour personnel."
355933075366096897,2013-07-13 06:13:52,En cette Année de la foi cherchons à faire chaque jour quelque chose de concret pour mieux connaître Jésus-Christ
355632839972233217,2013-07-12 10:20:51,"Seigneur, donne-nous la grâce de pleurer sur notre indifférence, sur la cruauté qu’il y a dans le monde et en nous"
354890430237769729,2013-07-10 09:10:46,"Si nous voulons suivre le Christ de près, nous ne pouvons pas chercher une vie facile et tranquille. Elle sera engagée mais pleine de joie"
354512681782353920,2013-07-09 08:09:44,Un chrétien est toujours rempli d’espérance ; il ne peut jamais se décourager
354180232254730240,2013-07-08 10:08:42,Prions pour avoir un cœur qui accueille les immigrés. Dieu nous jugera sur la façon dont nous aurons traités ceux qui sont dans le besoin
353439834687291392,2013-07-06 09:06:37,"Dans la prière, le Seigneur nous parle par les Saintes Ecritures. Apprenons à rester en silence devant Lui, en méditant l’Evangile"
353062086764531715,2013-07-05 08:05:35,Jésus n’est pas seulement un ami. Il est un maître de vérité et de vie qui révèle la voie pour atteindre le bonheur
352729637513736192,2013-07-04 10:04:33,L’amour du Christ et son amitié ne sont pas une illusion. Jésus sur la Croix montre combien ils sont réels
351989206865813504,2013-07-02 09:02:21,"On ne peut vivre en chrétiens en dehors du roc qu’est le Christ. Le Christ nous donne solidité et fermeté, mais aussi joie et sérénité."
351286562174148610,2013-06-30 10:30:17,Un chrétien ne peut jamais être mécontent ou triste. Celui qui aime le Christ est une personne pleine de joie et qui répand la joie !
350923914614026241,2013-06-29 10:29:15,"Apprenons à « perdre notre vie » pour le Christ, selon la logique du don et du sacrifice. Avec le Christ nous ne perdons rien !"
350500868283576322,2013-06-28 06:28:13,Jésus ne nous a pas sauvés par une idée. Il s’est abaissé et s’est fait homme. La Parole s’est faite chair
349835973351321600,2013-06-26 10:26:10,"La charité, la patience et la tendresse sont de magnifiques trésors. Et quand tu les as, tu veux les partager avec les autres"
349080477937844224,2013-06-24 08:24:06,"Sommes-nous prêts à nous engager en chrétiens cohérents, 24 heures sur 24, pour rendre témoignage par notre parole et par notre exemple ?"
348749788864462848,2013-06-23 10:30:03,"Tous pécheurs, demandons au Seigneur de ne pas être hypocrites. Les hypocrites ignorent tout du pardon, de la joie, de l’amour de Dieu."
348460373969600512,2013-06-22 15:20:01,"Si nous avons découvert le sens de la vie en Jésus, nous ne pouvons pas être indifférents devant quelqu’un qui souffre ou qui est triste."
348022981445955584,2013-06-21 10:21:59,N’oublions jamais que c’est le Seigneur qui guide l’Église. C’est lui qui rend fécond notre apostolat.
347297684043993088,2013-06-19 10:19:55,"Le Chrétien est prêt à annoncer l’Évangile, car il ne peut pas garder pour lui-même la joie qui naît de la connaissance du Christ."
346542146167377920,2013-06-17 08:17:40,Sommes-nous en colère contre quelqu’un ? Prions pour cette personne. Ceci est l’amour chrétien.
346209446206251009,2013-06-16 10:15:38,"Que l’Église soit toujours un lieu de miséricorde et d’espérance, où chacun puisse se sentir accueilli, aimé et pardonné."
344761242931580928,2013-06-12 10:21:00,Combien de pauvretés morales et matérielles viennent aujourd’hui du refus de Dieu et du fait de mettre à sa place tant d’idoles !
344381239182114817,2013-06-11 09:11:00,"Nous ne devons pas avoir peur de la solidarité, ni de mettre ce que nous sommes et ce que nous avons à la disposition de Dieu."
343676348486807552,2013-06-09 10:30:01,"Avec la ""culture du déchet"", la vie humaine n’est plus perçue comme une valeur fondamentale à respecter et à protéger"
342930680390483968,2013-06-07 09:07:00,"L’esprit de consommation nous a habitués au gaspillage. Mais la nourriture jetée, c’est comme si elle était volée aux pauvres et aux affamés"
342225034405883904,2013-06-05 10:23:01,"Garder la création est une indication de Dieu donnée non seulement au début de l’histoire, mais à chacun de nous ; c’est dans son projet !"
341827667160625152,2013-06-04 08:04:01,"Le Christ nous invite à sortir toujours plus de nous-mêmes, pour nous donner aux autres et les servir."
341495727735857152,2013-06-03 10:05:00,"Parfois nous savons ce que nous devons faire, mais nous n’en avons pas le courage. Recevons le de Marie, en nous remettant à Dieu."
341135099032653826,2013-06-02 10:12:00,"La logique du monde nous pousse vers le succès, le pouvoir, l’argent ; la logique de Dieu vers l’humilité, le service et l’amour."
340739747456643073,2013-06-01 08:01:01,"En cette Année de la foi, demandons au Seigneur que l’Église soit toujours plus une vraie famille qui porte l’amour de Dieu à tous"
340354708029984768,2013-05-31 06:31:00,"Toute l’histoire du salut est l’histoire de Dieu qui cherche l’homme : il lui offre son amour, l’accueille avec tendresse"
339689826603380736,2013-05-29 10:29:00,"L’Église naît du geste suprême d’amour de la Croix, du côté ouvert de Jésus. L’Église est une famille dans laquelle on s’aime et on est aimé"
339281891368771584,2013-05-28 07:28:01,"Chers jeunes, l’Église attend beaucoup de vous et de votre générosité. Ne perdez pas le courage de viser haut !"
338601910774931456,2013-05-26 10:26:01,"Chaque fois que nous suivons notre égoïsme et disons non à Dieu, nous détériorons son histoire d’amour avec nous"
338178873239932928,2013-05-25 06:25:01,Nous avons tous dans le cœur un coin d’incrédulité. Disons au Seigneur : Je crois ! Viens en aide à mon incrédulité !
337870591627509760,2013-05-24 10:00:01,"Il y a des miracles. Mais la prière est nécessaire ! Une prière courageuse, qui lutte, qui persévère, pas une prière de politesse."
337498889638797312,2013-05-23 09:23:00,Est-ce que je porte la parole de réconciliation et d’amour de l’Évangile là où je vis et où je travaille ?
337151352801210368,2013-05-22 10:22:01,"Vivre l’Évangile, c’est lutter contre l’égoïsme. L’Évangile est pardon et paix ; il est l’amour qui vient de Dieu !"
336062427340881921,2013-05-19 10:15:01,"L’Esprit Saint transforme et renouvelle, il crée harmonie et unité, donne courage et joie pour la mission."
335655496205877248,2013-05-18 07:18:01,Il faut apprendre de Marie ; revivre sa disponibilité totale pour recevoir le Christ dans sa vie
335353254529613824,2013-05-17 11:17:01,Notre vie est-elle vraiment animée par Dieu ? Que de choses je mets avant Dieu chaque jour !
334975515515559936,2013-05-16 10:16:01,"Nous ne pouvons être chrétiens seulement à temps partiel ! Cherchons à vivre notre foi à chaque instant, chaque jour"
334612874326585345,2013-05-15 10:15:00,"C’est Dieu qui donne la vie. Respectons et aimons la vie humaine, particulièrement celle qui est sans défense dans le sein maternel."
333932893481103360,2013-05-13 13:13:00,"Suis-je fidèle au Christ dans ma vie quotidienne ? Suis-je capable de « faire voir » ma foi, avec respect, mais aussi avec courage ?"
333524454116323328,2013-05-12 10:10:01,Prions pour les nombreux chrétiens souffrant de persécution et de violence dans le monde. Que Dieu leur donne le courage de la fidélité.
332950669591982081,2013-05-10 20:10:00,"L’Esprit Saint nous donne un regard nouveau envers les autres, vus toujours comme frères et sœurs en Jésus à respecter et à aimer."
332391736229908481,2013-05-09 07:09:00,Le don précieux que l’Esprit Saint apporte dans nos cœurs est la confiance profonde en l’amour et en la miséricorde de Dieu.
332074398284673024,2013-05-08 10:08:00,"Je suis venu pour qu’ils aient la vie et qu’ils l’aient en abondance, dit Jésus. Là est la vraie richesse, non la richesse matérielle !"
331666963950604289,2013-05-07 07:09:00,Ne vous contentez pas d’une vie chrétienne médiocre ! Marchez avec résolution vers la sainteté !
331334020757590016,2013-05-06 09:06:01,Demandons au Seigneur que toute notre vie chrétienne soit un témoignage lumineux de sa miséricorde et de son amour.
330990255501086723,2013-05-05 10:20:01,Tout chrétien est missionnaire dans la mesure où il témoigne de l’amour de Dieu. Soyez missionnaires de la tendresse de Dieu !
330578542096171008,2013-05-04 07:04:00,"Demandons à la Vierge Marie de nous enseigner à vivre notre foi dans nos actions quotidiennes, et à donner une place majeure au Seigneur."
330230998975533056,2013-05-03 08:03:00,"Il serait beau, en ce mois de mai, de réciter ensemble en famille le chapelet. La prière raffermit la vie familiale."
329913658375299072,2013-05-02 11:02:00,"Je pense à ceux qui sont sans emploi, souvent à cause d’une mentalité égoïste qui cherche le profit à tout prix."
329535669699485696,2013-05-01 10:00:00,"Chers jeunes, mettez-vous à l’école de saint Joseph. Il a connu des moments difficiles. N’ayant pas perdu confiance, il a pu les surmonter."
329165733978308608,2013-04-30 09:30:01,Ayons confiance en l’action de Dieu ! Avec lui nous pouvons faire de grandes choses ; il nous fera sentir la joie d’être ses disciples.
328787994691653632,2013-04-29 08:29:01,"Qu’il serait beau si chacun de nous pouvait dire chaque soir : aujourd’hui, j’ai posé un geste d’amour envers les autres !"
328456057133359104,2013-04-28 10:30:01,Le Saint Esprit nous transforme vraiment et veut aussi transformer par nous le monde où nous vivons.
327820870036905986,2013-04-26 16:26:00,"Chers jeunes, n’enfouissez pas vos talents, les dons que Dieu vous a faits ! N’ayez pas peur de rêver à de grands idéaux !"
327292137702039553,2013-04-25 05:25:01,"En cette période de crise, il est important de ne pas se renfermer en soi-même, mais de s’ouvrir et d’être attentif à l’autre."
327004991531401217,2013-04-24 10:24:00,Maintenons vive notre foi par la prière et les sacrements ; soyons vigilants pour ne pas oublier Dieu.
326581954692661248,2013-04-23 06:23:00,"Marie est la femme du « Oui ». Marie, aide-nous à connaître toujours mieux la voix de Jésus et à la suivre."
326370312155459584,2013-04-22 16:22:00,"Nous avons tous dans le cœur un désir d’amour, de vérité, de vie… et Jésus est cela en plénitude !"
325916824917114881,2013-04-21 10:20:00,« Mes brebis écoutent ma voix et je les connais ». La voix de Jésus est unique ! Il nous guide sur le chemin de la vie.
324471045086146562,2013-04-17 10:35:00,"Entrer dans la gloire de Dieu exige la fidélité quotidienne à sa volonté, même si cela requiert le sacrifice"
324469031836983297,2013-04-17 10:27:00,"L’Ascension de Jésus au ciel ne dit pas qu’il est absent, mais qu’il est vivant parmi nous de manière nouvelle, proche de chacun de nous"
323383631341027328,2013-04-14 10:34:00,"Adorer Dieu veut dire apprendre à rester avec lui, nous dépouiller de nos idoles cachées et le mettre au centre de notre vie"
323381117136826368,2013-04-14 10:24:01,Souvenons-nous en bien tous : on ne peut annoncer l’Évangile de Jésus sans le témoignage concret de la vie
321928040533856256,2013-04-10 10:10:00,"Si nous nous comportons en enfants de Dieu, nous sentant aimés par Lui, notre vie sera nouvelle, pleine de sérénité et de joie !"
321925527365636096,2013-04-10 10:00:01,"Être chrétien ne se réduit pas à suivre des commandements, mais c’est laisser le Christ prendre possession de notre vie et la transformer"
320842892010737664,2013-04-07 10:18:01,"Comme il est beau le regard de Jésus sur nous, quelle tendresse ! Ne perdons jamais confiance en la miséricorde patiente de Dieu !"
319754467916517376,2013-04-04 10:13:00,"Dieu nous aime. N’ayons pas peur de l’aimer. La foi se professe par la bouche et par le cœur, par la parole et par l’amour"
318260123493605376,2013-03-31 07:15:01,"Accepte Jésus Ressuscité dans ta vie. Même si tu t’es éloigné, fais un petit pas vers lui : il t’attend à bras ouverts."
317240907638386688,2013-03-28 11:45:01,"Soyez proches de vos prêtres par l’affection et la prière, pour qu’ils soient toujours des pasteurs selon le cœur de Dieu"
316858890417500160,2013-03-27 10:27:01,"Vivre la Semaine Sainte c’est entrer toujours plus dans la logique de Dieu, celle de l’amour et du don de soi"
316853856191541248,2013-03-27 10:07:00,"Rester avec Jésus exige de sortir de soi-même, d’une façon lasse et routinière de vivre la foi"
315798905822527488,2013-03-24 12:15:01,"Nous ne devons pas croire au Malin qui dit que nous ne pouvons rien faire contre la violence, l’injustice, le péché."
315785316650860544,2013-03-24 11:21:01,Je pense avec joie à Rio de Janeiro ! Je vous donne rendez-vous au mois de juillet prochain dans cette grande ville du Brésil !
313971233672790016,2013-03-19 11:12:30,"Le service est le véritable pouvoir. Le Pape doit servir chacun, particulièrement les plus pauvres, les plus faibles, les plus petits."
313966952055971841,2013-03-19 10:55:29,"Mettons le Christ dans notre vie, prenons soin les uns des autres, protégeons la création avec amour."
313247632451592192,2013-03-17 11:17:10,"Chers amis, je vous remercie de grand cœur et je vous demande de continuer à prier pour moi. Pape François"
